annais,sexe,preusuel,rank
1900,1,JEAN,1.0
1900,1,LOUIS,2.0
1900,1,PIERRE,3.0
1900,1,JOSEPH,4.0
1900,1,HENRI,5.0
1900,1,MARCEL,6.0
1900,1,GEORGES,7.0
1900,1,ANDRÉ,8.0
1900,1,PAUL,9.0
1900,1,RENÉ,10.0
1900,2,MARIE,1.0
1900,2,JEANNE,2.0
1900,2,MARGUERITE,3.0
1900,2,GERMAINE,4.0
1900,2,LOUISE,5.0
1900,2,YVONNE,6.0
1900,2,MADELEINE,7.0
1900,2,SUZANNE,8.0
1900,2,MARTHE,9.0
1900,2,MARCELLE,10.0
1901,1,JEAN,1.0
1901,1,LOUIS,2.0
1901,1,PIERRE,3.0
1901,1,JOSEPH,4.0
1901,1,MARCEL,5.0
1901,1,HENRI,6.0
1901,1,ANDRÉ,7.0
1901,1,GEORGES,8.0
1901,1,RENÉ,9.0
1901,1,PAUL,10.0
1901,2,MARIE,1.0
1901,2,JEANNE,2.0
1901,2,MARGUERITE,3.0
1901,2,GERMAINE,4.0
1901,2,LOUISE,5.0
1901,2,YVONNE,6.0
1901,2,MADELEINE,7.0
1901,2,SUZANNE,8.0
1901,2,MARCELLE,9.0
1901,2,MARTHE,10.0
1902,1,JEAN,1.0
1902,1,LOUIS,2.0
1902,1,PIERRE,3.0
1902,1,MARCEL,4.0
1902,1,HENRI,5.0
1902,1,JOSEPH,6.0
1902,1,GEORGES,7.0
1902,1,ANDRÉ,8.0
1902,1,RENÉ,9.0
1902,1,PAUL,10.0
1902,2,MARIE,1.0
1902,2,JEANNE,2.0
1902,2,MARGUERITE,3.0
1902,2,GERMAINE,4.0
1902,2,LOUISE,5.0
1902,2,MADELEINE,6.0
1902,2,YVONNE,7.0
1902,2,SUZANNE,8.0
1902,2,MARCELLE,9.0
1902,2,MARTHE,10.0
1903,1,JEAN,1.0
1903,1,LOUIS,2.0
1903,1,PIERRE,3.0
1903,1,MARCEL,4.0
1903,1,HENRI,5.0
1903,1,JOSEPH,6.0
1903,1,ANDRÉ,7.0
1903,1,GEORGES,8.0
1903,1,RENÉ,9.0
1903,1,PAUL,10.0
1903,2,MARIE,1.0
1903,2,JEANNE,2.0
1903,2,MARGUERITE,3.0
1903,2,GERMAINE,4.0
1903,2,LOUISE,5.0
1903,2,MADELEINE,6.0
1903,2,YVONNE,7.0
1903,2,SUZANNE,8.0
1903,2,MARCELLE,9.0
1903,2,MARTHE,10.0
1904,1,JEAN,1.0
1904,1,LOUIS,2.0
1904,1,PIERRE,3.0
1904,1,MARCEL,4.0
1904,1,JOSEPH,5.0
1904,1,HENRI,6.0
1904,1,ANDRÉ,7.0
1904,1,GEORGES,8.0
1904,1,RENÉ,9.0
1904,1,PAUL,10.0
1904,2,MARIE,1.0
1904,2,JEANNE,2.0
1904,2,MARGUERITE,3.0
1904,2,GERMAINE,4.0
1904,2,LOUISE,5.0
1904,2,YVONNE,6.0
1904,2,MADELEINE,7.0
1904,2,SUZANNE,8.0
1904,2,MARCELLE,9.0
1904,2,MARTHE,10.0
1905,1,JEAN,1.0
1905,1,LOUIS,2.0
1905,1,PIERRE,3.0
1905,1,MARCEL,4.0
1905,1,ANDRÉ,5.0
1905,1,HENRI,6.0
1905,1,JOSEPH,7.0
1905,1,RENÉ,8.0
1905,1,GEORGES,9.0
1905,1,PAUL,10.0
1905,2,MARIE,1.0
1905,2,JEANNE,2.0
1905,2,MARGUERITE,3.0
1905,2,GERMAINE,4.0
1905,2,YVONNE,5.0
1905,2,LOUISE,6.0
1905,2,MADELEINE,7.0
1905,2,SUZANNE,8.0
1905,2,MARCELLE,9.0
1905,2,MARTHE,10.0
1906,1,JEAN,1.0
1906,1,LOUIS,2.0
1906,1,PIERRE,3.0
1906,1,MARCEL,4.0
1906,1,ANDRÉ,5.0
1906,1,HENRI,6.0
1906,1,JOSEPH,7.0
1906,1,RENÉ,8.0
1906,1,GEORGES,9.0
1906,1,PAUL,10.0
1906,2,MARIE,1.0
1906,2,JEANNE,2.0
1906,2,MARGUERITE,3.0
1906,2,GERMAINE,4.0
1906,2,YVONNE,5.0
1906,2,MADELEINE,6.0
1906,2,SUZANNE,7.0
1906,2,LOUISE,8.0
1906,2,MARCELLE,9.0
1906,2,MARTHE,10.0
1907,1,JEAN,1.0
1907,1,LOUIS,2.0
1907,1,PIERRE,3.0
1907,1,MARCEL,4.0
1907,1,ANDRÉ,5.0
1907,1,HENRI,6.0
1907,1,RENÉ,7.0
1907,1,JOSEPH,8.0
1907,1,GEORGES,9.0
1907,1,PAUL,10.0
1907,2,MARIE,1.0
1907,2,JEANNE,2.0
1907,2,MARGUERITE,3.0
1907,2,GERMAINE,4.0
1907,2,YVONNE,5.0
1907,2,MADELEINE,6.0
1907,2,SUZANNE,7.0
1907,2,LOUISE,8.0
1907,2,MARCELLE,9.0
1907,2,MARTHE,10.0
1908,1,JEAN,1.0
1908,1,LOUIS,2.0
1908,1,MARCEL,3.0
1908,1,PIERRE,4.0
1908,1,ANDRÉ,5.0
1908,1,HENRI,6.0
1908,1,JOSEPH,7.0
1908,1,RENÉ,8.0
1908,1,GEORGES,9.0
1908,1,PAUL,10.0
1908,2,MARIE,1.0
1908,2,JEANNE,2.0
1908,2,MARGUERITE,3.0
1908,2,GERMAINE,4.0
1908,2,MADELEINE,5.0
1908,2,YVONNE,6.0
1908,2,SUZANNE,7.0
1908,2,LOUISE,8.0
1908,2,MARCELLE,9.0
1908,2,MARTHE,10.0
1909,1,JEAN,1.0
1909,1,ANDRÉ,2.0
1909,1,LOUIS,3.0
1909,1,PIERRE,4.0
1909,1,MARCEL,5.0
1909,1,HENRI,6.0
1909,1,RENÉ,7.0
1909,1,JOSEPH,8.0
1909,1,GEORGES,9.0
1909,1,PAUL,10.0
1909,2,MARIE,1.0
1909,2,JEANNE,2.0
1909,2,MARGUERITE,3.0
1909,2,GERMAINE,4.0
1909,2,MADELEINE,5.0
1909,2,YVONNE,6.0
1909,2,SUZANNE,7.0
1909,2,LOUISE,8.0
1909,2,MARCELLE,9.0
1909,2,LUCIENNE,10.0
1910,1,JEAN,1.0
1910,1,ANDRÉ,2.0
1910,1,LOUIS,3.0
1910,1,PIERRE,4.0
1910,1,MARCEL,5.0
1910,1,HENRI,6.0
1910,1,RENÉ,7.0
1910,1,JOSEPH,8.0
1910,1,GEORGES,9.0
1910,1,MAURICE,10.0
1910,2,MARIE,1.0
1910,2,JEANNE,2.0
1910,2,MARGUERITE,3.0
1910,2,MADELEINE,4.0
1910,2,GERMAINE,5.0
1910,2,YVONNE,6.0
1910,2,SUZANNE,7.0
1910,2,LOUISE,8.0
1910,2,MARCELLE,9.0
1910,2,RENÉE,10.0
1911,1,JEAN,1.0
1911,1,ANDRÉ,2.0
1911,1,PIERRE,3.0
1911,1,MARCEL,4.0
1911,1,LOUIS,5.0
1911,1,RENÉ,6.0
1911,1,HENRI,7.0
1911,1,JOSEPH,8.0
1911,1,GEORGES,9.0
1911,1,ROGER,10.0
1911,2,MARIE,1.0
1911,2,JEANNE,2.0
1911,2,MARGUERITE,3.0
1911,2,MADELEINE,4.0
1911,2,YVONNE,5.0
1911,2,SUZANNE,6.0
1911,2,GERMAINE,7.0
1911,2,MARCELLE,8.0
1911,2,LOUISE,9.0
1911,2,RENÉE,10.0
1912,1,JEAN,1.0
1912,1,ANDRÉ,2.0
1912,1,PIERRE,3.0
1912,1,MARCEL,4.0
1912,1,LOUIS,5.0
1912,1,RENÉ,6.0
1912,1,HENRI,7.0
1912,1,JOSEPH,8.0
1912,1,ROGER,9.0
1912,1,GEORGES,10.0
1912,2,MARIE,1.0
1912,2,JEANNE,2.0
1912,2,MARGUERITE,3.0
1912,2,MADELEINE,4.0
1912,2,YVONNE,5.0
1912,2,SUZANNE,6.0
1912,2,GERMAINE,7.0
1912,2,MARCELLE,8.0
1912,2,LOUISE,9.0
1912,2,LUCIENNE,10.0
1913,1,JEAN,1.0
1913,1,ANDRÉ,2.0
1913,1,PIERRE,3.0
1913,1,MARCEL,4.0
1913,1,LOUIS,5.0
1913,1,RENÉ,6.0
1913,1,HENRI,7.0
1913,1,JOSEPH,8.0
1913,1,ROGER,9.0
1913,1,GEORGES,10.0
1913,2,MARIE,1.0
1913,2,JEANNE,2.0
1913,2,MARGUERITE,3.0
1913,2,MADELEINE,4.0
1913,2,YVONNE,5.0
1913,2,SUZANNE,6.0
1913,2,GERMAINE,7.0
1913,2,MARCELLE,8.0
1913,2,LOUISE,9.0
1913,2,RENÉE,10.0
1914,1,JEAN,1.0
1914,1,ANDRÉ,2.0
1914,1,PIERRE,3.0
1914,1,MARCEL,4.0
1914,1,LOUIS,5.0
1914,1,RENÉ,6.0
1914,1,HENRI,7.0
1914,1,JOSEPH,8.0
1914,1,GEORGES,9.0
1914,1,ROGER,10.0
1914,2,MARIE,1.0
1914,2,JEANNE,2.0
1914,2,MADELEINE,3.0
1914,2,MARGUERITE,4.0
1914,2,YVONNE,5.0
1914,2,SUZANNE,6.0
1914,2,GERMAINE,7.0
1914,2,MARCELLE,8.0
1914,2,LOUISE,9.0
1914,2,RENÉE,10.0
1915,1,JEAN,1.0
1915,1,PIERRE,2.0
1915,1,ANDRÉ,3.0
1915,1,LOUIS,4.0
1915,1,MARCEL,5.0
1915,1,RENÉ,6.0
1915,1,HENRI,7.0
1915,1,JOSEPH,8.0
1915,1,GEORGES,9.0
1915,1,ALBERT,10.0
1915,2,MARIE,1.0
1915,2,JEANNE,2.0
1915,2,MADELEINE,3.0
1915,2,MARGUERITE,4.0
1915,2,YVONNE,5.0
1915,2,SUZANNE,6.0
1915,2,MARCELLE,7.0
1915,2,LOUISE,8.0
1915,2,GERMAINE,9.0
1915,2,RENÉE,10.0
1916,1,JEAN,1.0
1916,1,ANDRÉ,2.0
1916,1,PIERRE,3.0
1916,1,MARCEL,4.0
1916,1,LOUIS,5.0
1916,1,RENÉ,6.0
1916,1,HENRI,7.0
1916,1,GEORGES,8.0
1916,1,JOSEPH,9.0
1916,1,MAURICE,10.0
1916,2,MARIE,1.0
1916,2,JEANNE,2.0
1916,2,MADELEINE,3.0
1916,2,MARGUERITE,4.0
1916,2,YVONNE,5.0
1916,2,MARCELLE,6.0
1916,2,SUZANNE,7.0
1916,2,LOUISE,8.0
1916,2,GERMAINE,9.0
1916,2,RENÉE,10.0
1917,1,JEAN,1.0
1917,1,ANDRÉ,2.0
1917,1,PIERRE,3.0
1917,1,MARCEL,4.0
1917,1,RENÉ,5.0
1917,1,LOUIS,6.0
1917,1,HENRI,7.0
1917,1,GEORGES,8.0
1917,1,MAURICE,9.0
1917,1,JOSEPH,10.0
1917,2,MARIE,1.0
1917,2,JEANNE,2.0
1917,2,MADELEINE,3.0
1917,2,SUZANNE,4.0
1917,2,MARCELLE,5.0
1917,2,MARGUERITE,6.0
1917,2,YVONNE,7.0
1917,2,RENÉE,8.0
1917,2,GERMAINE,9.0
1917,2,ANDRÉE,10.0
1918,1,JEAN,1.0
1918,1,ANDRÉ,2.0
1918,1,PIERRE,3.0
1918,1,MARCEL,4.0
1918,1,RENÉ,5.0
1918,1,LOUIS,6.0
1918,1,HENRI,7.0
1918,1,GEORGES,8.0
1918,1,ROGER,9.0
1918,1,MAURICE,10.0
1918,2,MARIE,1.0
1918,2,JEANNE,2.0
1918,2,MADELEINE,3.0
1918,2,MARCELLE,4.0
1918,2,SUZANNE,5.0
1918,2,YVONNE,6.0
1918,2,MARGUERITE,7.0
1918,2,RENÉE,8.0
1918,2,GERMAINE,9.0
1918,2,ANDRÉE,11.0
1919,1,JEAN,1.0
1919,1,ANDRÉ,2.0
1919,1,MARCEL,3.0
1919,1,PIERRE,4.0
1919,1,RENÉ,5.0
1919,1,LOUIS,6.0
1919,1,HENRI,7.0
1919,1,GEORGES,8.0
1919,1,ROGER,9.0
1919,1,MAURICE,10.0
1919,2,MARIE,1.0
1919,2,JEANNE,2.0
1919,2,MADELEINE,3.0
1919,2,YVONNE,4.0
1919,2,SUZANNE,5.0
1919,2,MARCELLE,6.0
1919,2,MARGUERITE,7.0
1919,2,RENÉE,8.0
1919,2,PAULETTE,9.0
1919,2,ANDRÉE,10.0
1920,1,JEAN,1.0
1920,1,ANDRÉ,2.0
1920,1,PIERRE,3.0
1920,1,RENÉ,4.0
1920,1,MARCEL,5.0
1920,1,ROGER,6.0
1920,1,LOUIS,7.0
1920,1,HENRI,8.0
1920,1,GEORGES,9.0
1920,1,ROBERT,10.0
1920,2,MARIE,1.0
1920,2,JEANNE,2.0
1920,2,MADELEINE,3.0
1920,2,SUZANNE,4.0
1920,2,YVONNE,5.0
1920,2,MARCELLE,6.0
1920,2,MARGUERITE,7.0
1920,2,PAULETTE,8.0
1920,2,RENÉE,9.0
1920,2,DENISE,10.0
1921,1,JEAN,1.0
1921,1,ANDRÉ,2.0
1921,1,PIERRE,3.0
1921,1,RENÉ,4.0
1921,1,MARCEL,5.0
1921,1,ROGER,6.0
1921,1,LOUIS,7.0
1921,1,ROBERT,8.0
1921,1,GEORGES,9.0
1921,1,HENRI,10.0
1921,2,MARIE,1.0
1921,2,JEANNE,2.0
1921,2,MADELEINE,3.0
1921,2,SUZANNE,4.0
1921,2,YVONNE,5.0
1921,2,PAULETTE,6.0
1921,2,MARCELLE,7.0
1921,2,RENÉE,8.0
1921,2,MARGUERITE,9.0
1921,2,SIMONE,10.0
1922,1,JEAN,1.0
1922,1,ANDRÉ,2.0
1922,1,PIERRE,3.0
1922,1,RENÉ,4.0
1922,1,MARCEL,5.0
1922,1,ROGER,6.0
1922,1,ROBERT,7.0
1922,1,LOUIS,8.0
1922,1,HENRI,9.0
1922,1,GEORGES,10.0
1922,2,MARIE,1.0
1922,2,JEANNE,2.0
1922,2,MADELEINE,3.0
1922,2,SUZANNE,4.0
1922,2,YVONNE,5.0
1922,2,PAULETTE,6.0
1922,2,DENISE,7.0
1922,2,MARCELLE,8.0
1922,2,SIMONE,9.0
1922,2,MARGUERITE,10.0
1923,1,JEAN,1.0
1923,1,ANDRÉ,2.0
1923,1,PIERRE,3.0
1923,1,RENÉ,4.0
1923,1,ROGER,5.0
1923,1,MARCEL,6.0
1923,1,ROBERT,7.0
1923,1,GEORGES,8.0
1923,1,LOUIS,9.0
1923,1,HENRI,10.0
1923,2,MARIE,1.0
1923,2,JEANNE,2.0
1923,2,MADELEINE,3.0
1923,2,SUZANNE,4.0
1923,2,PAULETTE,5.0
1923,2,YVONNE,6.0
1923,2,DENISE,7.0
1923,2,ODETTE,8.0
1923,2,SIMONE,9.0
1923,2,JACQUELINE,10.0
1924,1,JEAN,1.0
1924,1,ANDRÉ,2.0
1924,1,PIERRE,3.0
1924,1,RENÉ,4.0
1924,1,ROGER,5.0
1924,1,MARCEL,6.0
1924,1,ROBERT,7.0
1924,1,LOUIS,8.0
1924,1,HENRI,9.0
1924,1,GEORGES,10.0
1924,2,MARIE,1.0
1924,2,JEANNE,2.0
1924,2,MADELEINE,3.0
1924,2,SUZANNE,4.0
1924,2,DENISE,5.0
1924,2,JACQUELINE,6.0
1924,2,ODETTE,7.0
1924,2,PAULETTE,8.0
1924,2,SIMONE,9.0
1924,2,YVONNE,10.0
1925,1,JEAN,1.0
1925,1,ANDRÉ,2.0
1925,1,PIERRE,3.0
1925,1,RENÉ,4.0
1925,1,ROGER,5.0
1925,1,MARCEL,6.0
1925,1,ROBERT,7.0
1925,1,GEORGES,8.0
1925,1,HENRI,9.0
1925,1,LOUIS,10.0
1925,2,MARIE,1.0
1925,2,JEANNE,2.0
1925,2,JACQUELINE,3.0
1925,2,DENISE,4.0
1925,2,ODETTE,5.0
1925,2,MADELEINE,6.0
1925,2,SUZANNE,7.0
1925,2,PAULETTE,8.0
1925,2,SIMONE,9.0
1925,2,YVONNE,10.0
1926,1,JEAN,1.0
1926,1,ANDRÉ,2.0
1926,1,PIERRE,3.0
1926,1,RENÉ,4.0
1926,1,ROGER,5.0
1926,1,ROBERT,6.0
1926,1,MARCEL,7.0
1926,1,JACQUES,8.0
1926,1,GEORGES,9.0
1926,1,HENRI,11.0
1926,2,MARIE,1.0
1926,2,JEANNE,2.0
1926,2,JACQUELINE,3.0
1926,2,DENISE,4.0
1926,2,JEANNINE,5.0
1926,2,PAULETTE,6.0
1926,2,SUZANNE,7.0
1926,2,MADELEINE,8.0
1926,2,ODETTE,9.0
1926,2,SIMONE,10.0
1927,1,JEAN,1.0
1927,1,ANDRÉ,2.0
1927,1,PIERRE,3.0
1927,1,RENÉ,4.0
1927,1,ROGER,5.0
1927,1,ROBERT,6.0
1927,1,MARCEL,7.0
1927,1,JACQUES,8.0
1927,1,GEORGES,9.0
1927,1,HENRI,10.0
1927,2,MARIE,1.0
1927,2,JEANNE,2.0
1927,2,JACQUELINE,3.0
1927,2,JEANNINE,4.0
1927,2,DENISE,5.0
1927,2,PAULETTE,6.0
1927,2,YVETTE,7.0
1927,2,ODETTE,8.0
1927,2,MADELEINE,9.0
1927,2,SIMONE,10.0
1928,1,JEAN,1.0
1928,1,ANDRÉ,2.0
1928,1,PIERRE,3.0
1928,1,RENÉ,4.0
1928,1,ROGER,5.0
1928,1,ROBERT,6.0
1928,1,MARCEL,7.0
1928,1,JACQUES,8.0
1928,1,MICHEL,9.0
1928,1,GEORGES,10.0
1928,2,MARIE,1.0
1928,2,JACQUELINE,2.0
1928,2,JEANNE,3.0
1928,2,JEANNINE,4.0
1928,2,DENISE,5.0
1928,2,YVETTE,6.0
1928,2,PAULETTE,7.0
1928,2,ODETTE,8.0
1928,2,SIMONE,9.0
1928,2,SUZANNE,10.0
1929,1,JEAN,1.0
1929,1,ANDRÉ,2.0
1929,1,PIERRE,3.0
1929,1,RENÉ,4.0
1929,1,ROGER,5.0
1929,1,ROBERT,6.0
1929,1,MARCEL,7.0
1929,1,JACQUES,8.0
1929,1,MICHEL,9.0
1929,1,GEORGES,10.0
1929,2,MARIE,1.0
1929,2,JACQUELINE,2.0
1929,2,JEANNINE,3.0
1929,2,JEANNE,4.0
1929,2,DENISE,5.0
1929,2,YVETTE,6.0
1929,2,PAULETTE,7.0
1929,2,SIMONE,8.0
1929,2,ODETTE,9.0
1929,2,GINETTE,10.0
1930,1,JEAN,1.0
1930,1,ANDRÉ,2.0
1930,1,PIERRE,3.0
1930,1,RENÉ,4.0
1930,1,MICHEL,5.0
1930,1,ROGER,6.0
1930,1,JACQUES,7.0
1930,1,ROBERT,8.0
1930,1,MARCEL,9.0
1930,1,CLAUDE,10.0
1930,2,MARIE,1.0
1930,2,JACQUELINE,2.0
1930,2,JEANNINE,3.0
1930,2,JEANNE,4.0
1930,2,DENISE,5.0
1930,2,YVETTE,6.0
1930,2,PAULETTE,7.0
1930,2,MONIQUE,8.0
1930,2,SIMONE,9.0
1930,2,GINETTE,10.0
1931,1,JEAN,1.0
1931,1,ANDRÉ,2.0
1931,1,PIERRE,3.0
1931,1,MICHEL,4.0
1931,1,RENÉ,5.0
1931,1,ROGER,6.0
1931,1,JACQUES,7.0
1931,1,ROBERT,8.0
1931,1,MARCEL,9.0
1931,1,CLAUDE,10.0
1931,2,MARIE,1.0
1931,2,JACQUELINE,2.0
1931,2,JEANNINE,3.0
1931,2,JEANNE,4.0
1931,2,DENISE,5.0
1931,2,MONIQUE,6.0
1931,2,YVETTE,7.0
1931,2,PAULETTE,8.0
1931,2,SIMONE,9.0
1931,2,ODETTE,10.0
1932,1,JEAN,1.0
1932,1,ANDRÉ,2.0
1932,1,PIERRE,3.0
1932,1,MICHEL,4.0
1932,1,RENÉ,5.0
1932,1,ROGER,6.0
1932,1,JACQUES,7.0
1932,1,CLAUDE,8.0
1932,1,ROBERT,9.0
1932,1,MARCEL,10.0
1932,2,MARIE,1.0
1932,2,JACQUELINE,2.0
1932,2,JEANNINE,3.0
1932,2,MONIQUE,4.0
1932,2,YVETTE,5.0
1932,2,JEANNE,6.0
1932,2,DENISE,7.0
1932,2,PAULETTE,8.0
1932,2,SIMONE,9.0
1932,2,GINETTE,10.0
1933,1,JEAN,1.0
1933,1,ANDRÉ,2.0
1933,1,PIERRE,3.0
1933,1,MICHEL,4.0
1933,1,CLAUDE,5.0
1933,1,RENÉ,6.0
1933,1,JACQUES,7.0
1933,1,ROGER,8.0
1933,1,ROBERT,9.0
1933,1,MARCEL,10.0
1933,2,MARIE,1.0
1933,2,JACQUELINE,2.0
1933,2,MONIQUE,3.0
1933,2,JEANNINE,4.0
1933,2,DENISE,5.0
1933,2,YVETTE,6.0
1933,2,JEANNE,7.0
1933,2,PAULETTE,8.0
1933,2,SIMONE,9.0
1933,2,GINETTE,10.0
1934,1,JEAN,1.0
1934,1,MICHEL,2.0
1934,1,ANDRÉ,3.0
1934,1,PIERRE,4.0
1934,1,CLAUDE,5.0
1934,1,JACQUES,6.0
1934,1,RENÉ,7.0
1934,1,ROGER,8.0
1934,1,ROBERT,9.0
1934,1,MARCEL,10.0
1934,2,MARIE,1.0
1934,2,JACQUELINE,2.0
1934,2,MONIQUE,3.0
1934,2,JEANNINE,4.0
1934,2,DENISE,5.0
1934,2,YVETTE,6.0
1934,2,JEANNE,7.0
1934,2,PAULETTE,8.0
1934,2,COLETTE,9.0
1934,2,SIMONE,10.0
1935,1,JEAN,1.0
1935,1,MICHEL,2.0
1935,1,PIERRE,3.0
1935,1,ANDRÉ,4.0
1935,1,CLAUDE,5.0
1935,1,JACQUES,6.0
1935,1,RENÉ,7.0
1935,1,ROGER,8.0
1935,1,ROBERT,9.0
1935,1,BERNARD,10.0
1935,2,MARIE,1.0
1935,2,MONIQUE,2.0
1935,2,JACQUELINE,3.0
1935,2,JEANNINE,4.0
1935,2,DENISE,5.0
1935,2,YVETTE,6.0
1935,2,NICOLE,7.0
1935,2,JEANNE,8.0
1935,2,PAULETTE,9.0
1935,2,CHRISTIANE,10.0
1936,1,JEAN,1.0
1936,1,MICHEL,2.0
1936,1,CLAUDE,3.0
1936,1,PIERRE,4.0
1936,1,ANDRÉ,5.0
1936,1,JACQUES,6.0
1936,1,RENÉ,7.0
1936,1,BERNARD,8.0
1936,1,ROGER,9.0
1936,1,ROBERT,10.0
1936,2,MARIE,1.0
1936,2,MONIQUE,2.0
1936,2,JACQUELINE,3.0
1936,2,JEANNINE,4.0
1936,2,NICOLE,5.0
1936,2,COLETTE,6.0
1936,2,YVETTE,7.0
1936,2,DENISE,8.0
1936,2,CHRISTIANE,9.0
1936,2,JEANNE,10.0
1937,1,JEAN,1.0
1937,1,MICHEL,2.0
1937,1,CLAUDE,3.0
1937,1,PIERRE,4.0
1937,1,ANDRÉ,5.0
1937,1,JACQUES,6.0
1937,1,BERNARD,7.0
1937,1,RENÉ,8.0
1937,1,ROGER,9.0
1937,1,ROBERT,10.0
1937,2,MARIE,1.0
1937,2,MONIQUE,2.0
1937,2,JACQUELINE,3.0
1937,2,NICOLE,4.0
1937,2,JEANNINE,5.0
1937,2,COLETTE,6.0
1937,2,YVETTE,7.0
1937,2,CHRISTIANE,8.0
1937,2,DENISE,9.0
1937,2,JOSETTE,10.0
1938,1,JEAN,1.0
1938,1,MICHEL,2.0
1938,1,CLAUDE,3.0
1938,1,PIERRE,4.0
1938,1,ANDRÉ,5.0
1938,1,JACQUES,6.0
1938,1,BERNARD,7.0
1938,1,RENÉ,8.0
1938,1,ROGER,9.0
1938,1,GÉRARD,10.0
1938,2,MARIE,1.0
1938,2,MONIQUE,2.0
1938,2,JACQUELINE,3.0
1938,2,NICOLE,4.0
1938,2,JEANNINE,5.0
1938,2,CHRISTIANE,6.0
1938,2,YVETTE,7.0
1938,2,DENISE,8.0
1938,2,FRANÇOISE,9.0
1938,2,JOSETTE,10.0
1939,1,JEAN,1.0
1939,1,MICHEL,2.0
1939,1,CLAUDE,3.0
1939,1,PIERRE,4.0
1939,1,ANDRÉ,5.0
1939,1,JACQUES,6.0
1939,1,BERNARD,7.0
1939,1,GÉRARD,8.0
1939,1,RENÉ,9.0
1939,1,ROBERT,10.0
1939,2,MARIE,1.0
1939,2,MONIQUE,2.0
1939,2,JACQUELINE,3.0
1939,2,NICOLE,4.0
1939,2,JEANNINE,5.0
1939,2,CHRISTIANE,6.0
1939,2,FRANÇOISE,7.0
1939,2,COLETTE,8.0
1939,2,YVETTE,9.0
1939,2,JOSETTE,10.0
1940,1,JEAN,1.0
1940,1,MICHEL,2.0
1940,1,CLAUDE,3.0
1940,1,ANDRÉ,4.0
1940,1,PIERRE,5.0
1940,1,JACQUES,6.0
1940,1,BERNARD,7.0
1940,1,GÉRARD,8.0
1940,1,DANIEL,9.0
1940,1,RENÉ,10.0
1940,2,MARIE,1.0
1940,2,MONIQUE,2.0
1940,2,NICOLE,3.0
1940,2,JACQUELINE,4.0
1940,2,FRANÇOISE,5.0
1940,2,CHRISTIANE,6.0
1940,2,JEANNINE,7.0
1940,2,COLETTE,8.0
1940,2,JOSETTE,9.0
1940,2,YVETTE,10.0
1941,1,JEAN,1.0
1941,1,MICHEL,2.0
1941,1,CLAUDE,3.0
1941,1,ANDRÉ,4.0
1941,1,JACQUES,5.0
1941,1,PIERRE,6.0
1941,1,BERNARD,7.0
1941,1,DANIEL,8.0
1941,1,GÉRARD,9.0
1941,1,ROBERT,10.0
1941,2,MARIE,1.0
1941,2,MONIQUE,2.0
1941,2,NICOLE,3.0
1941,2,JACQUELINE,4.0
1941,2,FRANÇOISE,5.0
1941,2,CHRISTIANE,6.0
1941,2,JEANNINE,7.0
1941,2,DANIELLE,8.0
1941,2,COLETTE,9.0
1941,2,MICHÈLE,10.0
1942,1,JEAN,1.0
1942,1,MICHEL,2.0
1942,1,BERNARD,3.0
1942,1,CLAUDE,4.0
1942,1,JACQUES,5.0
1942,1,ANDRÉ,6.0
1942,1,PIERRE,7.0
1942,1,DANIEL,8.0
1942,1,GÉRARD,9.0
1942,1,ALAIN,10.0
1942,2,MARIE,1.0
1942,2,MONIQUE,2.0
1942,2,NICOLE,3.0
1942,2,JACQUELINE,4.0
1942,2,FRANÇOISE,5.0
1942,2,CHRISTIANE,6.0
1942,2,DANIELLE,7.0
1942,2,MICHÈLE,8.0
1942,2,COLETTE,9.0
1942,2,JOSETTE,10.0
1943,1,JEAN,1.0
1943,1,MICHEL,2.0
1943,1,BERNARD,3.0
1943,1,DANIEL,4.0
1943,1,GÉRARD,5.0
1943,1,JACQUES,6.0
1943,1,ANDRÉ,7.0
1943,1,CLAUDE,8.0
1943,1,PIERRE,9.0
1943,1,ALAIN,10.0
1943,2,MARIE,1.0
1943,2,MONIQUE,2.0
1943,2,NICOLE,3.0
1943,2,FRANÇOISE,4.0
1943,2,JACQUELINE,5.0
1943,2,CHRISTIANE,6.0
1943,2,DANIELLE,7.0
1943,2,MICHÈLE,8.0
1943,2,ANNIE,9.0
1943,2,JOSETTE,10.0
1944,1,JEAN,1.0
1944,1,MICHEL,2.0
1944,1,DANIEL,3.0
1944,1,BERNARD,4.0
1944,1,GÉRARD,5.0
1944,1,JACQUES,6.0
1944,1,ALAIN,7.0
1944,1,ANDRÉ,8.0
1944,1,CLAUDE,9.0
1944,1,PIERRE,10.0
1944,2,MARIE,1.0
1944,2,MONIQUE,2.0
1944,2,NICOLE,3.0
1944,2,FRANÇOISE,4.0
1944,2,JACQUELINE,5.0
1944,2,CHRISTIANE,6.0
1944,2,DANIELLE,7.0
1944,2,MICHÈLE,8.0
1944,2,ANNIE,9.0
1944,2,JOSETTE,10.0
1945,1,JEAN,1.0
1945,1,MICHEL,2.0
1945,1,DANIEL,3.0
1945,1,GÉRARD,4.0
1945,1,BERNARD,5.0
1945,1,ALAIN,6.0
1945,1,JACQUES,7.0
1945,1,ANDRÉ,8.0
1945,1,CLAUDE,9.0
1945,1,PIERRE,10.0
1945,2,MARIE,1.0
1945,2,MONIQUE,2.0
1945,2,NICOLE,3.0
1945,2,FRANÇOISE,4.0
1945,2,DANIELLE,5.0
1945,2,JACQUELINE,6.0
1945,2,CHRISTIANE,7.0
1945,2,ANNIE,8.0
1945,2,MICHÈLE,9.0
1945,2,JOSETTE,10.0
1946,1,JEAN,1.0
1946,1,MICHEL,2.0
1946,1,DANIEL,3.0
1946,1,ALAIN,4.0
1946,1,GÉRARD,5.0
1946,1,BERNARD,6.0
1946,1,JACQUES,7.0
1946,1,CLAUDE,8.0
1946,1,CHRISTIAN,9.0
1946,1,ANDRÉ,10.0
1946,2,MARIE,1.0
1946,2,MONIQUE,2.0
1946,2,NICOLE,3.0
1946,2,FRANÇOISE,4.0
1946,2,JACQUELINE,5.0
1946,2,DANIELLE,6.0
1946,2,CHRISTIANE,7.0
1946,2,ANNIE,8.0
1946,2,MICHÈLE,9.0
1946,2,CHANTAL,10.0
1947,1,JEAN,1.0
1947,1,MICHEL,2.0
1947,1,ALAIN,3.0
1947,1,DANIEL,4.0
1947,1,BERNARD,5.0
1947,1,GÉRARD,6.0
1947,1,CHRISTIAN,7.0
1947,1,JACQUES,8.0
1947,1,CLAUDE,9.0
1947,1,PIERRE,10.0
1947,2,MARIE,1.0
1947,2,MONIQUE,2.0
1947,2,NICOLE,3.0
1947,2,FRANÇOISE,4.0
1947,2,DANIELLE,5.0
1947,2,CHRISTIANE,6.0
1947,2,JACQUELINE,7.0
1947,2,ANNIE,8.0
1947,2,MICHÈLE,9.0
1947,2,CHANTAL,10.0
1948,1,JEAN,1.0
1948,1,MICHEL,2.0
1948,1,ALAIN,3.0
1948,1,DANIEL,4.0
1948,1,GÉRARD,5.0
1948,1,BERNARD,6.0
1948,1,CHRISTIAN,7.0
1948,1,JACQUES,8.0
1948,1,CLAUDE,9.0
1948,1,ANDRÉ,10.0
1948,2,MARIE,1.0
1948,2,MONIQUE,2.0
1948,2,FRANÇOISE,3.0
1948,2,NICOLE,4.0
1948,2,CHRISTIANE,5.0
1948,2,ANNIE,6.0
1948,2,DANIELLE,7.0
1948,2,JACQUELINE,8.0
1948,2,CHANTAL,9.0
1948,2,MICHÈLE,10.0
1949,1,JEAN,1.0
1949,1,MICHEL,2.0
1949,1,ALAIN,3.0
1949,1,GÉRARD,4.0
1949,1,DANIEL,5.0
1949,1,BERNARD,6.0
1949,1,CHRISTIAN,7.0
1949,1,JACQUES,8.0
1949,1,CLAUDE,9.0
1949,1,PIERRE,10.0
1949,2,MARIE,1.0
1949,2,FRANÇOISE,2.0
1949,2,MONIQUE,3.0
1949,2,MARTINE,4.0
1949,2,NICOLE,5.0
1949,2,CHANTAL,6.0
1949,2,CHRISTIANE,7.0
1949,2,ANNIE,8.0
1949,2,JACQUELINE,9.0
1949,2,DANIELLE,10.0
1950,1,JEAN,1.0
1950,1,MICHEL,2.0
1950,1,ALAIN,3.0
1950,1,GÉRARD,4.0
1950,1,BERNARD,5.0
1950,1,DANIEL,6.0
1950,1,CHRISTIAN,7.0
1950,1,JACQUES,8.0
1950,1,PATRICK,9.0
1950,1,CLAUDE,10.0
1950,2,MARIE,1.0
1950,2,MARTINE,2.0
1950,2,FRANÇOISE,3.0
1950,2,MONIQUE,4.0
1950,2,NICOLE,5.0
1950,2,CHANTAL,6.0
1950,2,ANNIE,7.0
1950,2,CHRISTIANE,8.0
1950,2,JACQUELINE,9.0
1950,2,MICHÈLE,10.0
1951,1,JEAN,1.0
1951,1,MICHEL,2.0
1951,1,ALAIN,3.0
1951,1,BERNARD,4.0
1951,1,CHRISTIAN,5.0
1951,1,GÉRARD,6.0
1951,1,DANIEL,7.0
1951,1,PATRICK,8.0
1951,1,JACQUES,9.0
1951,1,CLAUDE,10.0
1951,2,MARIE,1.0
1951,2,MARTINE,2.0
1951,2,FRANÇOISE,3.0
1951,2,MONIQUE,4.0
1951,2,NICOLE,5.0
1951,2,CHANTAL,6.0
1951,2,ANNIE,7.0
1951,2,CHRISTIANE,8.0
1951,2,DOMINIQUE,9.0
1951,2,JACQUELINE,10.0
1952,1,JEAN,1.0
1952,1,MICHEL,2.0
1952,1,ALAIN,3.0
1952,1,BERNARD,4.0
1952,1,CHRISTIAN,5.0
1952,1,PATRICK,6.0
1952,1,GÉRARD,7.0
1952,1,DANIEL,8.0
1952,1,JACQUES,9.0
1952,1,PHILIPPE,10.0
1952,2,MARIE,1.0
1952,2,MARTINE,2.0
1952,2,FRANÇOISE,3.0
1952,2,CHANTAL,4.0
1952,2,MONIQUE,5.0
1952,2,DOMINIQUE,6.0
1952,2,NICOLE,7.0
1952,2,ANNIE,8.0
1952,2,CHRISTIANE,9.0
1952,2,CATHERINE,10.0
1953,1,JEAN,1.0
1953,1,MICHEL,2.0
1953,1,ALAIN,3.0
1953,1,PATRICK,4.0
1953,1,CHRISTIAN,5.0
1953,1,BERNARD,6.0
1953,1,GÉRARD,7.0
1953,1,DANIEL,8.0
1953,1,PHILIPPE,9.0
1953,1,JACQUES,10.0
1953,2,MARIE,1.0
1953,2,MARTINE,2.0
1953,2,CHANTAL,3.0
1953,2,FRANÇOISE,4.0
1953,2,MONIQUE,5.0
1953,2,DOMINIQUE,6.0
1953,2,ANNIE,7.0
1953,2,NICOLE,8.0
1953,2,CATHERINE,9.0
1953,2,EVELYNE,10.0
1954,1,JEAN,1.0
1954,1,MICHEL,2.0
1954,1,PATRICK,3.0
1954,1,ALAIN,4.0
1954,1,CHRISTIAN,5.0
1954,1,PHILIPPE,6.0
1954,1,BERNARD,7.0
1954,1,DANIEL,8.0
1954,1,GÉRARD,9.0
1954,1,DOMINIQUE,10.0
1954,2,MARIE,1.0
1954,2,MARTINE,2.0
1954,2,CHANTAL,3.0
1954,2,FRANÇOISE,4.0
1954,2,CATHERINE,5.0
1954,2,DOMINIQUE,6.0
1954,2,MONIQUE,7.0
1954,2,BRIGITTE,8.0
1954,2,ANNIE,9.0
1954,2,NICOLE,10.0
1955,1,JEAN,1.0
1955,1,MICHEL,2.0
1955,1,PATRICK,3.0
1955,1,ALAIN,4.0
1955,1,PHILIPPE,5.0
1955,1,CHRISTIAN,6.0
1955,1,BERNARD,7.0
1955,1,DANIEL,8.0
1955,1,DOMINIQUE,9.0
1955,1,GÉRARD,10.0
1955,2,MARTINE,1.0
1955,2,MARIE,2.0
1955,2,FRANÇOISE,3.0
1955,2,CHANTAL,4.0
1955,2,CATHERINE,5.0
1955,2,DOMINIQUE,6.0
1955,2,BRIGITTE,7.0
1955,2,MONIQUE,8.0
1955,2,ANNIE,9.0
1955,2,CHRISTINE,10.0
1956,1,JEAN,1.0
1956,1,PATRICK,2.0
1956,1,MICHEL,3.0
1956,1,PHILIPPE,4.0
1956,1,ALAIN,5.0
1956,1,CHRISTIAN,6.0
1956,1,BERNARD,7.0
1956,1,DOMINIQUE,8.0
1956,1,DANIEL,9.0
1956,1,GÉRARD,10.0
1956,2,MARIE,1.0
1956,2,MARTINE,2.0
1956,2,CATHERINE,3.0
1956,2,FRANÇOISE,4.0
1956,2,BRIGITTE,5.0
1956,2,CHANTAL,6.0
1956,2,DOMINIQUE,7.0
1956,2,PATRICIA,8.0
1956,2,CHRISTINE,9.0
1956,2,SYLVIE,10.0
1957,1,JEAN,1.0
1957,1,PATRICK,2.0
1957,1,PHILIPPE,3.0
1957,1,MICHEL,4.0
1957,1,ALAIN,5.0
1957,1,CHRISTIAN,6.0
1957,1,DOMINIQUE,7.0
1957,1,DIDIER,8.0
1957,1,BERNARD,9.0
1957,1,DANIEL,10.0
1957,2,MARIE,1.0
1957,2,MARTINE,2.0
1957,2,BRIGITTE,3.0
1957,2,CATHERINE,4.0
1957,2,FRANÇOISE,5.0
1957,2,SYLVIE,6.0
1957,2,CHRISTINE,7.0
1957,2,CHANTAL,8.0
1957,2,PATRICIA,9.0
1957,2,DOMINIQUE,10.0
1958,1,PHILIPPE,1.0
1958,1,JEAN,2.0
1958,1,PATRICK,3.0
1958,1,MICHEL,4.0
1958,1,ALAIN,5.0
1958,1,CHRISTIAN,6.0
1958,1,DIDIER,7.0
1958,1,PASCAL,8.0
1958,1,DOMINIQUE,9.0
1958,1,BERNARD,10.0
1958,2,MARIE,1.0
1958,2,BRIGITTE,2.0
1958,2,MARTINE,3.0
1958,2,CATHERINE,4.0
1958,2,SYLVIE,5.0
1958,2,CHRISTINE,6.0
1958,2,FRANÇOISE,7.0
1958,2,PATRICIA,8.0
1958,2,CHANTAL,9.0
1958,2,DOMINIQUE,10.0
1959,1,PHILIPPE,1.0
1959,1,JEAN,2.0
1959,1,PATRICK,3.0
1959,1,MICHEL,4.0
1959,1,ALAIN,5.0
1959,1,PASCAL,6.0
1959,1,DIDIER,7.0
1959,1,CHRISTIAN,8.0
1959,1,DOMINIQUE,9.0
1959,1,THIERRY,10.0
1959,2,BRIGITTE,1.0
1959,2,CATHERINE,2.0
1959,2,MARIE,3.0
1959,2,SYLVIE,4.0
1959,2,MARTINE,5.0
1959,2,CHRISTINE,6.0
1959,2,PATRICIA,7.0
1959,2,FRANÇOISE,8.0
1959,2,CHANTAL,9.0
1959,2,VÉRONIQUE,10.0
1960,1,PHILIPPE,1.0
1960,1,PATRICK,2.0
1960,1,PASCAL,3.0
1960,1,JEAN,4.0
1960,1,ALAIN,5.0
1960,1,MICHEL,6.0
1960,1,ERIC,7.0
1960,1,THIERRY,8.0
1960,1,CHRISTIAN,9.0
1960,1,DIDIER,10.0
1960,2,CATHERINE,1.0
1960,2,SYLVIE,2.0
1960,2,CHRISTINE,3.0
1960,2,MARIE,4.0
1960,2,BRIGITTE,5.0
1960,2,MARTINE,6.0
1960,2,PATRICIA,7.0
1960,2,FRANÇOISE,8.0
1960,2,VÉRONIQUE,9.0
1960,2,ISABELLE,10.0
1961,1,PHILIPPE,1.0
1961,1,PASCAL,2.0
1961,1,ERIC,3.0
1961,1,PATRICK,4.0
1961,1,JEAN,5.0
1961,1,THIERRY,6.0
1961,1,ALAIN,7.0
1961,1,MICHEL,8.0
1961,1,DIDIER,9.0
1961,1,CHRISTIAN,10.0
1961,2,SYLVIE,1.0
1961,2,CATHERINE,2.0
1961,2,CHRISTINE,3.0
1961,2,MARIE,4.0
1961,2,ISABELLE,5.0
1961,2,VÉRONIQUE,6.0
1961,2,MARTINE,7.0
1961,2,PATRICIA,8.0
1961,2,BRIGITTE,9.0
1961,2,FRANÇOISE,10.0
1962,1,PHILIPPE,1.0
1962,1,PASCAL,2.0
1962,1,ERIC,3.0
1962,1,PATRICK,4.0
1962,1,THIERRY,5.0
1962,1,JEAN,6.0
1962,1,ALAIN,7.0
1962,1,DIDIER,8.0
1962,1,MICHEL,9.0
1962,1,BRUNO,10.0
1962,2,SYLVIE,1.0
1962,2,CATHERINE,2.0
1962,2,ISABELLE,3.0
1962,2,CHRISTINE,4.0
1962,2,VÉRONIQUE,5.0
1962,2,MARIE,6.0
1962,2,MARTINE,7.0
1962,2,PATRICIA,8.0
1962,2,CORINNE,9.0
1962,2,FRANÇOISE,10.0
1963,1,PHILIPPE,1.0
1963,1,PASCAL,2.0
1963,1,ERIC,3.0
1963,1,THIERRY,4.0
1963,1,PATRICK,5.0
1963,1,JEAN,6.0
1963,1,ALAIN,7.0
1963,1,BRUNO,8.0
1963,1,DIDIER,9.0
1963,1,MICHEL,10.0
1963,2,SYLVIE,1.0
1963,2,CATHERINE,2.0
1963,2,ISABELLE,3.0
1963,2,VÉRONIQUE,4.0
1963,2,CHRISTINE,5.0
1963,2,CORINNE,6.0
1963,2,NATHALIE,7.0
1963,2,MARIE,8.0
1963,2,PATRICIA,9.0
1963,2,MARTINE,10.0
1964,1,PHILIPPE,1.0
1964,1,THIERRY,2.0
1964,1,ERIC,3.0
1964,1,PASCAL,4.0
1964,1,PATRICK,5.0
1964,1,JEAN,6.0
1964,1,ALAIN,7.0
1964,1,DIDIER,8.0
1964,1,BRUNO,9.0
1964,1,LAURENT,10.0
1964,2,SYLVIE,1.0
1964,2,NATHALIE,2.0
1964,2,ISABELLE,3.0
1964,2,CATHERINE,4.0
1964,2,CHRISTINE,5.0
1964,2,VÉRONIQUE,6.0
1964,2,VALÉRIE,7.0
1964,2,CORINNE,8.0
1964,2,PATRICIA,9.0
1964,2,MARIE,10.0
1965,1,THIERRY,1.0
1965,1,PHILIPPE,2.0
1965,1,ERIC,3.0
1965,1,PASCAL,4.0
1965,1,LAURENT,5.0
1965,1,PATRICK,6.0
1965,1,CHRISTOPHE,7.0
1965,1,BRUNO,8.0
1965,1,DIDIER,9.0
1965,1,ALAIN,10.0
1965,2,NATHALIE,1.0
1965,2,SYLVIE,2.0
1965,2,ISABELLE,3.0
1965,2,CATHERINE,4.0
1965,2,VALÉRIE,5.0
1965,2,CHRISTINE,6.0
1965,2,VÉRONIQUE,7.0
1965,2,LAURENCE,8.0
1965,2,CORINNE,9.0
1965,2,PATRICIA,10.0
1966,1,PHILIPPE,1.0
1966,1,CHRISTOPHE,2.0
1966,1,THIERRY,3.0
1966,1,ERIC,4.0
1966,1,PASCAL,5.0
1966,1,LAURENT,6.0
1966,1,FRÉDÉRIC,7.0
1966,1,PATRICK,8.0
1966,1,BRUNO,9.0
1966,1,JEAN,10.0
1966,2,NATHALIE,1.0
1966,2,ISABELLE,2.0
1966,2,SYLVIE,3.0
1966,2,VALÉRIE,4.0
1966,2,CATHERINE,5.0
1966,2,VÉRONIQUE,6.0
1966,2,CHRISTINE,7.0
1966,2,LAURENCE,8.0
1966,2,CORINNE,9.0
1966,2,MARIE,10.0
1967,1,CHRISTOPHE,1.0
1967,1,PHILIPPE,2.0
1967,1,LAURENT,3.0
1967,1,ERIC,4.0
1967,1,THIERRY,5.0
1967,1,PASCAL,6.0
1967,1,FRÉDÉRIC,7.0
1967,1,STÉPHANE,8.0
1967,1,OLIVIER,9.0
1967,1,FRANCK,10.0
1967,2,NATHALIE,1.0
1967,2,VALÉRIE,2.0
1967,2,ISABELLE,3.0
1967,2,SYLVIE,4.0
1967,2,VÉRONIQUE,5.0
1967,2,CATHERINE,6.0
1967,2,CORINNE,7.0
1967,2,LAURENCE,8.0
1967,2,CHRISTINE,9.0
1967,2,SANDRINE,10.0
1968,1,CHRISTOPHE,1.0
1968,1,LAURENT,2.0
1968,1,PHILIPPE,3.0
1968,1,ERIC,4.0
1968,1,STÉPHANE,5.0
1968,1,FRÉDÉRIC,6.0
1968,1,PASCAL,7.0
1968,1,THIERRY,8.0
1968,1,OLIVIER,9.0
1968,1,FRANCK,10.0
1968,2,NATHALIE,1.0
1968,2,VALÉRIE,2.0
1968,2,ISABELLE,3.0
1968,2,SYLVIE,4.0
1968,2,SANDRINE,5.0
1968,2,CATHERINE,6.0
1968,2,VÉRONIQUE,7.0
1968,2,LAURENCE,8.0
1968,2,CORINNE,9.0
1968,2,CHRISTINE,10.0
1969,1,CHRISTOPHE,1.0
1969,1,LAURENT,2.0
1969,1,STÉPHANE,3.0
1969,1,PHILIPPE,4.0
1969,1,ERIC,5.0
1969,1,FRÉDÉRIC,6.0
1969,1,OLIVIER,7.0
1969,1,DAVID,8.0
1969,1,PASCAL,9.0
1969,1,THIERRY,10.0
1969,2,NATHALIE,1.0
1969,2,VALÉRIE,2.0
1969,2,ISABELLE,3.0
1969,2,SANDRINE,4.0
1969,2,SYLVIE,5.0
1969,2,LAURENCE,6.0
1969,2,CATHERINE,7.0
1969,2,VÉRONIQUE,8.0
1969,2,CHRISTINE,9.0
1969,2,CORINNE,10.0
1970,1,CHRISTOPHE,1.0
1970,1,STÉPHANE,2.0
1970,1,LAURENT,3.0
1970,1,DAVID,4.0
1970,1,OLIVIER,5.0
1970,1,FRÉDÉRIC,6.0
1970,1,PHILIPPE,7.0
1970,1,ERIC,8.0
1970,1,FRANCK,9.0
1970,1,THIERRY,10.0
1970,2,NATHALIE,1.0
1970,2,VALÉRIE,2.0
1970,2,SANDRINE,3.0
1970,2,ISABELLE,4.0
1970,2,SYLVIE,5.0
1970,2,SOPHIE,6.0
1970,2,LAURENCE,7.0
1970,2,CHRISTELLE,8.0
1970,2,CATHERINE,9.0
1970,2,VÉRONIQUE,10.0
1971,1,STÉPHANE,1.0
1971,1,CHRISTOPHE,2.0
1971,1,LAURENT,3.0
1971,1,DAVID,4.0
1971,1,OLIVIER,5.0
1971,1,FRÉDÉRIC,6.0
1971,1,PHILIPPE,7.0
1971,1,ERIC,8.0
1971,1,FRANCK,9.0
1971,1,THIERRY,10.0
1971,2,NATHALIE,1.0
1971,2,SANDRINE,2.0
1971,2,ISABELLE,3.0
1971,2,VALÉRIE,4.0
1971,2,CHRISTELLE,5.0
1971,2,SOPHIE,6.0
1971,2,SYLVIE,7.0
1971,2,LAURENCE,8.0
1971,2,KARINE,9.0
1971,2,STÉPHANIE,10.0
1972,1,CHRISTOPHE,1.0
1972,1,STÉPHANE,2.0
1972,1,DAVID,3.0
1972,1,LAURENT,4.0
1972,1,OLIVIER,5.0
1972,1,FRÉDÉRIC,6.0
1972,1,SÉBASTIEN,7.0
1972,1,ERIC,8.0
1972,1,PHILIPPE,9.0
1972,1,FRANCK,10.0
1972,2,SANDRINE,1.0
1972,2,NATHALIE,2.0
1972,2,ISABELLE,3.0
1972,2,VALÉRIE,4.0
1972,2,CHRISTELLE,5.0
1972,2,KARINE,6.0
1972,2,STÉPHANIE,7.0
1972,2,SOPHIE,8.0
1972,2,SYLVIE,9.0
1972,2,CÉLINE,10.0
1973,1,CHRISTOPHE,1.0
1973,1,STÉPHANE,2.0
1973,1,DAVID,3.0
1973,1,FRÉDÉRIC,4.0
1973,1,SÉBASTIEN,5.0
1973,1,OLIVIER,6.0
1973,1,LAURENT,7.0
1973,1,JEROME,8.0
1973,1,ERIC,9.0
1973,1,FABRICE,10.0
1973,2,SANDRINE,1.0
1973,2,NATHALIE,2.0
1973,2,ISABELLE,3.0
1973,2,STÉPHANIE,4.0
1973,2,CHRISTELLE,5.0
1973,2,VALÉRIE,6.0
1973,2,KARINE,7.0
1973,2,SOPHIE,8.0
1973,2,CÉLINE,9.0
1973,2,SANDRA,10.0
1974,1,STÉPHANE,1.0
1974,1,DAVID,2.0
1974,1,CHRISTOPHE,3.0
1974,1,FRÉDÉRIC,4.0
1974,1,SÉBASTIEN,5.0
1974,1,JEROME,6.0
1974,1,OLIVIER,7.0
1974,1,LAURENT,8.0
1974,1,ERIC,9.0
1974,1,NICOLAS,10.0
1974,2,STÉPHANIE,1.0
1974,2,SANDRINE,2.0
1974,2,NATHALIE,3.0
1974,2,ISABELLE,4.0
1974,2,VIRGINIE,5.0
1974,2,CHRISTELLE,6.0
1974,2,CÉLINE,7.0
1974,2,KARINE,8.0
1974,2,VALÉRIE,9.0
1974,2,SOPHIE,10.0
1975,1,SÉBASTIEN,1.0
1975,1,FRÉDÉRIC,2.0
1975,1,DAVID,3.0
1975,1,STÉPHANE,4.0
1975,1,CHRISTOPHE,5.0
1975,1,JEROME,6.0
1975,1,LAURENT,7.0
1975,1,OLIVIER,8.0
1975,1,NICOLAS,9.0
1975,1,CEDRIC,10.0
1975,2,STÉPHANIE,1.0
1975,2,SANDRINE,2.0
1975,2,NATHALIE,3.0
1975,2,CÉLINE,4.0
1975,2,VIRGINIE,5.0
1975,2,KARINE,6.0
1975,2,CHRISTELLE,7.0
1975,2,ISABELLE,8.0
1975,2,SEVERINE,9.0
1975,2,SOPHIE,10.0
1976,1,SÉBASTIEN,1.0
1976,1,DAVID,2.0
1976,1,FRÉDÉRIC,3.0
1976,1,CHRISTOPHE,4.0
1976,1,STÉPHANE,5.0
1976,1,NICOLAS,6.0
1976,1,OLIVIER,7.0
1976,1,LAURENT,8.0
1976,1,JEROME,9.0
1976,1,CEDRIC,10.0
1976,2,STÉPHANIE,1.0
1976,2,SANDRINE,2.0
1976,2,CÉLINE,3.0
1976,2,NATHALIE,4.0
1976,2,VIRGINIE,5.0
1976,2,CHRISTELLE,6.0
1976,2,SOPHIE,7.0
1976,2,KARINE,8.0
1976,2,ISABELLE,9.0
1976,2,DELPHINE,10.0
1977,1,SÉBASTIEN,1.0
1977,1,NICOLAS,2.0
1977,1,DAVID,3.0
1977,1,FRÉDÉRIC,4.0
1977,1,CHRISTOPHE,5.0
1977,1,STÉPHANE,6.0
1977,1,JEROME,7.0
1977,1,OLIVIER,8.0
1977,1,LAURENT,9.0
1977,1,CEDRIC,10.0
1977,2,STÉPHANIE,1.0
1977,2,CÉLINE,2.0
1977,2,SANDRINE,3.0
1977,2,VIRGINIE,4.0
1977,2,NATHALIE,5.0
1977,2,DELPHINE,6.0
1977,2,SOPHIE,7.0
1977,2,CHRISTELLE,8.0
1977,2,LAETITIA,9.0
1977,2,SEVERINE,10.0
1978,1,SÉBASTIEN,1.0
1978,1,NICOLAS,2.0
1978,1,DAVID,3.0
1978,1,FRÉDÉRIC,4.0
1978,1,CHRISTOPHE,5.0
1978,1,CEDRIC,6.0
1978,1,JEROME,7.0
1978,1,STÉPHANE,8.0
1978,1,JULIEN,9.0
1978,1,OLIVIER,10.0
1978,2,CÉLINE,1.0
1978,2,STÉPHANIE,2.0
1978,2,VIRGINIE,3.0
1978,2,SANDRINE,4.0
1978,2,LAETITIA,5.0
1978,2,DELPHINE,6.0
1978,2,CHRISTELLE,7.0
1978,2,SOPHIE,8.0
1978,2,NATHALIE,9.0
1978,2,CAROLINE,10.0
1979,1,SÉBASTIEN,1.0
1979,1,NICOLAS,2.0
1979,1,JULIEN,3.0
1979,1,DAVID,4.0
1979,1,CHRISTOPHE,5.0
1979,1,FRÉDÉRIC,6.0
1979,1,CEDRIC,7.0
1979,1,JEROME,8.0
1979,1,STÉPHANE,9.0
1979,1,OLIVIER,10.0
1979,2,CÉLINE,1.0
1979,2,STÉPHANIE,2.0
1979,2,VIRGINIE,3.0
1979,2,AURÉLIE,4.0
1979,2,SANDRINE,5.0
1979,2,LAETITIA,6.0
1979,2,DELPHINE,7.0
1979,2,SABRINA,8.0
1979,2,MARIE,9.0
1979,2,SOPHIE,10.0
1980,1,NICOLAS,1.0
1980,1,SÉBASTIEN,2.0
1980,1,JULIEN,3.0
1980,1,DAVID,4.0
1980,1,CHRISTOPHE,5.0
1980,1,FRÉDÉRIC,6.0
1980,1,CEDRIC,7.0
1980,1,GUILLAUME,8.0
1980,1,JEROME,9.0
1980,1,OLIVIER,10.0
1980,2,CÉLINE,1.0
1980,2,EMILIE,2.0
1980,2,AURÉLIE,3.0
1980,2,VIRGINIE,4.0
1980,2,STÉPHANIE,5.0
1980,2,LAETITIA,6.0
1980,2,MARIE,7.0
1980,2,SABRINA,8.0
1980,2,AUDREY,9.0
1980,2,SANDRINE,10.0
1981,1,NICOLAS,1.0
1981,1,JULIEN,2.0
1981,1,SÉBASTIEN,3.0
1981,1,DAVID,4.0
1981,1,GUILLAUME,5.0
1981,1,CEDRIC,6.0
1981,1,CHRISTOPHE,7.0
1981,1,FRÉDÉRIC,8.0
1981,1,VINCENT,9.0
1981,1,ALEXANDRE,10.0
1981,2,CÉLINE,1.0
1981,2,AURÉLIE,2.0
1981,2,EMILIE,3.0
1981,2,VIRGINIE,4.0
1981,2,STÉPHANIE,5.0
1981,2,LAETITIA,6.0
1981,2,MARIE,7.0
1981,2,SABRINA,8.0
1981,2,AUDREY,9.0
1981,2,ELODIE,10.0
1982,1,NICOLAS,1.0
1982,1,JULIEN,2.0
1982,1,SÉBASTIEN,3.0
1982,1,DAVID,4.0
1982,1,GUILLAUME,5.0
1982,1,CEDRIC,6.0
1982,1,ALEXANDRE,7.0
1982,1,CHRISTOPHE,8.0
1982,1,VINCENT,9.0
1982,1,JEROME,10.0
1982,2,AURÉLIE,1.0
1982,2,CÉLINE,2.0
1982,2,EMILIE,3.0
1982,2,LAETITIA,4.0
1982,2,STÉPHANIE,5.0
1982,2,ELODIE,6.0
1982,2,VIRGINIE,7.0
1982,2,AUDREY,8.0
1982,2,MARIE,9.0
1982,2,JULIE,10.0
1983,1,JULIEN,1.0
1983,1,NICOLAS,2.0
1983,1,SÉBASTIEN,3.0
1983,1,GUILLAUME,4.0
1983,1,DAVID,5.0
1983,1,VINCENT,6.0
1983,1,ALEXANDRE,7.0
1983,1,ROMAIN,8.0
1983,1,CHRISTOPHE,9.0
1983,1,CEDRIC,10.0
1983,2,AURÉLIE,1.0
1983,2,EMILIE,2.0
1983,2,CÉLINE,3.0
1983,2,JULIE,4.0
1983,2,ELODIE,5.0
1983,2,STÉPHANIE,6.0
1983,2,AUDREY,7.0
1983,2,MARIE,8.0
1983,2,LAETITIA,9.0
1983,2,VIRGINIE,10.0
1984,1,JULIEN,1.0
1984,1,NICOLAS,2.0
1984,1,SÉBASTIEN,3.0
1984,1,GUILLAUME,4.0
1984,1,JONATHAN,5.0
1984,1,DAVID,6.0
1984,1,THOMAS,7.0
1984,1,ROMAIN,8.0
1984,1,MATHIEU,9.0
1984,1,ANTHONY,10.0
1984,2,AURÉLIE,1.0
1984,2,EMILIE,2.0
1984,2,CÉLINE,3.0
1984,2,ELODIE,4.0
1984,2,JULIE,5.0
1984,2,AUDREY,6.0
1984,2,MARIE,7.0
1984,2,STÉPHANIE,8.0
1984,2,LAETITIA,9.0
1984,2,VIRGINIE,10.0
1985,1,JULIEN,1.0
1985,1,NICOLAS,2.0
1985,1,SÉBASTIEN,3.0
1985,1,GUILLAUME,4.0
1985,1,JONATHAN,5.0
1985,1,ANTHONY,6.0
1985,1,ROMAIN,7.0
1985,1,THOMAS,8.0
1985,1,ALEXANDRE,9.0
1985,1,DAMIEN,10.0
1985,2,AURÉLIE,1.0
1985,2,EMILIE,2.0
1985,2,JULIE,3.0
1985,2,MARIE,4.0
1985,2,ELODIE,5.0
1985,2,CÉLINE,6.0
1985,2,AUDREY,7.0
1985,2,STÉPHANIE,8.0
1985,2,JENNIFER,9.0
1985,2,MÉLANIE,10.0
1986,1,JULIEN,1.0
1986,1,NICOLAS,2.0
1986,1,GUILLAUME,3.0
1986,1,ALEXANDRE,4.0
1986,1,SÉBASTIEN,5.0
1986,1,THOMAS,6.0
1986,1,ROMAIN,7.0
1986,1,ANTHONY,8.0
1986,1,JONATHAN,9.0
1986,1,JEREMY,10.0
1986,2,AURÉLIE,1.0
1986,2,EMILIE,2.0
1986,2,JULIE,3.0
1986,2,ELODIE,4.0
1986,2,STÉPHANIE,5.0
1986,2,MARIE,6.0
1986,2,AUDREY,7.0
1986,2,CÉLINE,8.0
1986,2,JENNIFER,9.0
1986,2,MÉLANIE,10.0
1987,1,JULIEN,1.0
1987,1,NICOLAS,2.0
1987,1,ROMAIN,3.0
1987,1,ALEXANDRE,4.0
1987,1,ANTHONY,5.0
1987,1,JEREMY,6.0
1987,1,GUILLAUME,7.0
1987,1,THOMAS,8.0
1987,1,SÉBASTIEN,9.0
1987,1,JONATHAN,10.0
1987,2,JULIE,1.0
1987,2,AURÉLIE,2.0
1987,2,ELODIE,3.0
1987,2,EMILIE,4.0
1987,2,MARIE,5.0
1987,2,AUDREY,6.0
1987,2,STÉPHANIE,7.0
1987,2,CÉLINE,8.0
1987,2,PAULINE,9.0
1987,2,SOPHIE,10.0
1988,1,JULIEN,1.0
1988,1,NICOLAS,2.0
1988,1,ROMAIN,3.0
1988,1,ANTHONY,4.0
1988,1,KEVIN,5.0
1988,1,ALEXANDRE,6.0
1988,1,THOMAS,7.0
1988,1,JEREMY,8.0
1988,1,GUILLAUME,9.0
1988,1,JONATHAN,10.0
1988,2,ELODIE,1.0
1988,2,LAURA,2.0
1988,2,JULIE,3.0
1988,2,AURÉLIE,4.0
1988,2,MARIE,5.0
1988,2,AUDREY,6.0
1988,2,EMILIE,7.0
1988,2,MARION,8.0
1988,2,MARINE,9.0
1988,2,PAULINE,10.0
1989,1,KEVIN,1.0
1989,1,JULIEN,2.0
1989,1,NICOLAS,3.0
1989,1,ROMAIN,4.0
1989,1,ALEXANDRE,5.0
1989,1,ANTHONY,6.0
1989,1,THOMAS,7.0
1989,1,MAXIME,8.0
1989,1,GUILLAUME,9.0
1989,1,JEREMY,10.0
1989,2,ELODIE,1.0
1989,2,LAURA,2.0
1989,2,JULIE,3.0
1989,2,AURÉLIE,4.0
1989,2,MARION,5.0
1989,2,MARIE,6.0
1989,2,MARINE,7.0
1989,2,MÉLANIE,8.0
1989,2,AUDREY,9.0
1989,2,PAULINE,10.0
1990,1,KEVIN,1.0
1990,1,THOMAS,2.0
1990,1,JULIEN,3.0
1990,1,NICOLAS,4.0
1990,1,ALEXANDRE,5.0
1990,1,ANTHONY,6.0
1990,1,MAXIME,7.0
1990,1,ROMAIN,8.0
1990,1,JEREMY,9.0
1990,1,GUILLAUME,10.0
1990,2,ELODIE,1.0
1990,2,LAURA,2.0
1990,2,JULIE,3.0
1990,2,MARINE,4.0
1990,2,MARIE,5.0
1990,2,MARION,6.0
1990,2,PAULINE,7.0
1990,2,AURÉLIE,8.0
1990,2,CAMILLE,9.0
1990,2,MÉLANIE,10.0
1991,1,KEVIN,1.0
1991,1,THOMAS,2.0
1991,1,ALEXANDRE,3.0
1991,1,JULIEN,4.0
1991,1,NICOLAS,5.0
1991,1,MAXIME,6.0
1991,1,ANTHONY,7.0
1991,1,ROMAIN,8.0
1991,1,FLORIAN,9.0
1991,1,GUILLAUME,10.0
1991,2,MARINE,1.0
1991,2,ELODIE,2.0
1991,2,LAURA,3.0
1991,2,JULIE,4.0
1991,2,MARIE,5.0
1991,2,MARION,6.0
1991,2,PAULINE,7.0
1991,2,CAMILLE,8.0
1991,2,ANAÏS,9.0
1991,2,MÉLANIE,10.0
1992,1,KEVIN,1.0
1992,1,THOMAS,2.0
1992,1,MAXIME,3.0
1992,1,ALEXANDRE,4.0
1992,1,NICOLAS,5.0
1992,1,JULIEN,6.0
1992,1,ANTHONY,7.0
1992,1,ROMAIN,8.0
1992,1,FLORIAN,9.0
1992,1,BENJAMIN,10.0
1992,2,LAURA,1.0
1992,2,MARINE,2.0
1992,2,MARIE,3.0
1992,2,MARION,4.0
1992,2,ELODIE,5.0
1992,2,CAMILLE,7.0
1992,2,JULIE,7.0
1992,2,PAULINE,8.0
1992,2,ANAÏS,9.0
1992,2,JUSTINE,10.0
1993,1,KEVIN,1.0
1993,1,THOMAS,2.0
1993,1,ALEXANDRE,3.0
1993,1,NICOLAS,4.0
1993,1,MAXIME,5.0
1993,1,JULIEN,6.0
1993,1,JORDAN,7.0
1993,1,ANTHONY,8.0
1993,1,ROMAIN,9.0
1993,1,FLORIAN,10.0
1993,2,LAURA,1.0
1993,2,MARINE,2.0
1993,2,MARIE,3.0
1993,2,ANAÏS,4.0
1993,2,CAMILLE,5.0
1993,2,MANON,6.0
1993,2,JULIE,7.0
1993,2,PAULINE,8.0
1993,2,MARION,9.0
1993,2,MÉLANIE,10.0
1994,1,KEVIN,1.0
1994,1,NICOLAS,2.0
1994,1,ALEXANDRE,3.0
1994,1,THOMAS,4.0
1994,1,MAXIME,5.0
1994,1,JULIEN,6.0
1994,1,QUENTIN,7.0
1994,1,ROMAIN,8.0
1994,1,ANTOINE,9.0
1994,1,FLORIAN,10.0
1994,2,LAURA,1.0
1994,2,MANON,2.0
1994,2,MARIE,3.0
1994,2,CAMILLE,4.0
1994,2,MARINE,5.0
1994,2,ANAÏS,6.0
1994,2,MÉLANIE,7.0
1994,2,PAULINE,8.0
1994,2,MARION,9.0
1994,2,JULIE,10.0
1995,1,NICOLAS,1.0
1995,1,ALEXANDRE,2.0
1995,1,THOMAS,3.0
1995,1,MAXIME,4.0
1995,1,KEVIN,5.0
1995,1,QUENTIN,6.0
1995,1,JULIEN,7.0
1995,1,DYLAN,8.0
1995,1,ANTOINE,9.0
1995,1,FLORIAN,10.0
1995,2,MANON,1.0
1995,2,MARIE,2.0
1995,2,LAURA,3.0
1995,2,CAMILLE,4.0
1995,2,MARINE,5.0
1995,2,PAULINE,6.0
1995,2,LÉA,7.0
1995,2,ANAÏS,8.0
1995,2,MARION,9.0
1995,2,JULIE,10.0
1996,1,THOMAS,1.0
1996,1,ALEXANDRE,2.0
1996,1,NICOLAS,3.0
1996,1,MAXIME,4.0
1996,1,DYLAN,5.0
1996,1,QUENTIN,6.0
1996,1,ANTOINE,7.0
1996,1,JULIEN,8.0
1996,1,FLORIAN,9.0
1996,1,KEVIN,10.0
1996,2,MANON,1.0
1996,2,MARIE,2.0
1996,2,LAURA,3.0
1996,2,CAMILLE,4.0
1996,2,MARINE,5.0
1996,2,LÉA,6.0
1996,2,PAULINE,7.0
1996,2,CHLOÉ,8.0
1996,2,SARAH,9.0
1996,2,JULIE,10.0
1997,1,THOMAS,1.0
1997,1,ALEXANDRE,2.0
1997,1,NICOLAS,3.0
1997,1,MAXIME,4.0
1997,1,QUENTIN,5.0
1997,1,ANTOINE,6.0
1997,1,DYLAN,7.0
1997,1,JULIEN,8.0
1997,1,LUCAS,9.0
1997,1,ALEXIS,10.0
1997,2,LÉA,1.0
1997,2,MANON,2.0
1997,2,CAMILLE,3.0
1997,2,MARIE,4.0
1997,2,CHLOÉ,5.0
1997,2,LAURA,6.0
1997,2,MARINE,7.0
1997,2,PAULINE,8.0
1997,2,SARAH,9.0
1997,2,JULIE,10.0
1998,1,THOMAS,1.0
1998,1,ALEXANDRE,2.0
1998,1,QUENTIN,3.0
1998,1,MAXIME,4.0
1998,1,NICOLAS,5.0
1998,1,LUCAS,6.0
1998,1,ANTOINE,7.0
1998,1,CLÉMENT,8.0
1998,1,JULIEN,9.0
1998,1,HUGO,10.0
1998,2,LÉA,1.0
1998,2,MANON,2.0
1998,2,CAMILLE,3.0
1998,2,MARIE,4.0
1998,2,CHLOÉ,5.0
1998,2,OCÉANE,6.0
1998,2,LAURA,7.0
1998,2,SARAH,8.0
1998,2,MARINE,9.0
1998,2,PAULINE,10.0
1999,1,THOMAS,1.0
1999,1,LUCAS,2.0
1999,1,MAXIME,3.0
1999,1,HUGO,4.0
1999,1,ALEXANDRE,5.0
1999,1,QUENTIN,6.0
1999,1,NICOLAS,7.0
1999,1,THÉO,8.0
1999,1,ANTOINE,9.0
1999,1,VALENTIN,10.0
1999,2,LÉA,1.0
1999,2,MANON,2.0
1999,2,CAMILLE,3.0
1999,2,MARIE,4.0
1999,2,CHLOÉ,5.0
1999,2,OCÉANE,6.0
1999,2,EMMA,7.0
1999,2,LAURA,8.0
1999,2,SARAH,9.0
1999,2,JULIE,10.0
2000,1,THOMAS,1.0
2000,1,LUCAS,2.0
2000,1,THÉO,3.0
2000,1,HUGO,4.0
2000,1,MAXIME,5.0
2000,1,NICOLAS,6.0
2000,1,QUENTIN,7.0
2000,1,ALEXANDRE,8.0
2000,1,ANTOINE,9.0
2000,1,CLÉMENT,10.0
2000,2,LÉA,1.0
2000,2,MANON,2.0
2000,2,CAMILLE,3.0
2000,2,CHLOÉ,4.0
2000,2,EMMA,5.0
2000,2,MARIE,6.0
2000,2,OCÉANE,7.0
2000,2,SARAH,8.0
2000,2,LAURA,9.0
2000,2,MATHILDE,10.0
2001,1,THOMAS,1.0
2001,1,LUCAS,2.0
2001,1,THÉO,3.0
2001,1,HUGO,4.0
2001,1,MAXIME,5.0
2001,1,ANTOINE,6.0
2001,1,NICOLAS,7.0
2001,1,QUENTIN,8.0
2001,1,CLÉMENT,9.0
2001,1,ALEXANDRE,10.0
2001,2,LÉA,1.0
2001,2,MANON,2.0
2001,2,CHLOÉ,3.0
2001,2,CAMILLE,4.0
2001,2,EMMA,5.0
2001,2,OCÉANE,6.0
2001,2,MARIE,7.0
2001,2,SARAH,8.0
2001,2,LAURA,9.0
2001,2,CLARA,10.0
2002,1,LUCAS,1.0
2002,1,THÉO,2.0
2002,1,THOMAS,3.0
2002,1,HUGO,4.0
2002,1,MAXIME,5.0
2002,1,ENZO,6.0
2002,1,ANTOINE,7.0
2002,1,CLÉMENT,8.0
2002,1,ALEXANDRE,9.0
2002,1,QUENTIN,10.0
2002,2,LÉA,1.0
2002,2,MANON,2.0
2002,2,EMMA,3.0
2002,2,CHLOÉ,4.0
2002,2,CAMILLE,5.0
2002,2,OCÉANE,6.0
2002,2,CLARA,7.0
2002,2,MARIE,8.0
2002,2,SARAH,9.0
2002,2,INÈS,10.0
2003,1,LUCAS,1.0
2003,1,THÉO,2.0
2003,1,HUGO,3.0
2003,1,THOMAS,4.0
2003,1,ENZO,5.0
2003,1,MAXIME,6.0
2003,1,ALEXANDRE,7.0
2003,1,MATHIS,8.0
2003,1,NATHAN,9.0
2003,1,ANTOINE,10.0
2003,2,LÉA,1.0
2003,2,MANON,2.0
2003,2,EMMA,3.0
2003,2,CHLOÉ,4.0
2003,2,CAMILLE,5.0
2003,2,OCÉANE,6.0
2003,2,INÈS,7.0
2003,2,MARIE,8.0
2003,2,CLARA,9.0
2003,2,SARAH,10.0
2004,1,ENZO,1.0
2004,1,LUCAS,2.0
2004,1,THÉO,3.0
2004,1,THOMAS,4.0
2004,1,HUGO,5.0
2004,1,MATHIS,6.0
2004,1,NATHAN,7.0
2004,1,MAXIME,8.0
2004,1,CLÉMENT,9.0
2004,1,LOUIS,10.0
2004,2,LÉA,1.0
2004,2,EMMA,2.0
2004,2,MANON,3.0
2004,2,CHLOÉ,4.0
2004,2,CLARA,5.0
2004,2,CAMILLE,6.0
2004,2,INÈS,7.0
2004,2,SARAH,8.0
2004,2,OCÉANE,9.0
2004,2,MARIE,10.0
2005,1,ENZO,1.0
2005,1,LUCAS,2.0
2005,1,MATHIS,3.0
2005,1,THOMAS,4.0
2005,1,THÉO,5.0
2005,1,HUGO,6.0
2005,1,NATHAN,7.0
2005,1,TOM,8.0
2005,1,CLÉMENT,9.0
2005,1,MAXIME,10.0
2005,2,EMMA,1.0
2005,2,LÉA,2.0
2005,2,CLARA,3.0
2005,2,MANON,4.0
2005,2,CHLOÉ,5.0
2005,2,CAMILLE,6.0
2005,2,SARAH,7.0
2005,2,INÈS,8.0
2005,2,JADE,9.0
2005,2,LUCIE,10.0
2006,1,ENZO,1.0
2006,1,LUCAS,2.0
2006,1,MATHIS,3.0
2006,1,NATHAN,4.0
2006,1,THOMAS,5.0
2006,1,HUGO,6.0
2006,1,THÉO,7.0
2006,1,TOM,8.0
2006,1,RAPHAËL,9.0
2006,1,LOUIS,10.0
2006,2,EMMA,1.0
2006,2,LÉA,2.0
2006,2,CLARA,3.0
2006,2,MANON,4.0
2006,2,CHLOÉ,5.0
2006,2,CAMILLE,6.0
2006,2,INÈS,7.0
2006,2,SARAH,8.0
2006,2,JADE,9.0
2006,2,LOLA,10.0
2007,1,ENZO,1.0
2007,1,LUCAS,2.0
2007,1,NATHAN,3.0
2007,1,MATHIS,4.0
2007,1,LOUIS,5.0
2007,1,THOMAS,6.0
2007,1,HUGO,7.0
2007,1,THÉO,8.0
2007,1,RAPHAËL,9.0
2007,1,MATHÉO,10.0
2007,2,EMMA,1.0
2007,2,LÉA,2.0
2007,2,CLARA,3.0
2007,2,CHLOÉ,4.0
2007,2,MANON,5.0
2007,2,INÈS,6.0
2007,2,CAMILLE,7.0
2007,2,SARAH,8.0
2007,2,JADE,9.0
2007,2,LOLA,10.0
2008,1,LUCAS,1.0
2008,1,ENZO,2.0
2008,1,NATHAN,3.0
2008,1,MATHIS,4.0
2008,1,LOUIS,5.0
2008,1,HUGO,6.0
2008,1,MAXIME,7.0
2008,1,JULES,8.0
2008,1,THOMAS,9.0
2008,1,TOM,10.0
2008,2,EMMA,1.0
2008,2,LÉA,2.0
2008,2,JADE,3.0
2008,2,MANON,4.0
2008,2,CHLOÉ,5.0
2008,2,INÈS,6.0
2008,2,CAMILLE,7.0
2008,2,CLARA,8.0
2008,2,SARAH,9.0
2008,2,LOLA,10.0
2009,1,LUCAS,1.0
2009,1,NATHAN,2.0
2009,1,ENZO,3.0
2009,1,LOUIS,4.0
2009,1,MATHIS,5.0
2009,1,JULES,6.0
2009,1,GABRIEL,7.0
2009,1,HUGO,8.0
2009,1,RAPHAËL,9.0
2009,1,LÉO,10.0
2009,2,EMMA,1.0
2009,2,JADE,2.0
2009,2,LÉA,3.0
2009,2,CHLOÉ,4.0
2009,2,MANON,5.0
2009,2,INÈS,6.0
2009,2,CAMILLE,7.0
2009,2,SARAH,8.0
2009,2,ZOÉ,9.0
2009,2,LOLA,10.0
2010,1,NATHAN,1.0
2010,1,LUCAS,2.0
2010,1,ENZO,3.0
2010,1,LOUIS,4.0
2010,1,HUGO,5.0
2010,1,GABRIEL,6.0
2010,1,ETHAN,7.0
2010,1,MATHIS,8.0
2010,1,JULES,9.0
2010,1,ARTHUR,10.0
2010,2,EMMA,1.0
2010,2,MANON,2.0
2010,2,LOLA,3.0
2010,2,JADE,4.0
2010,2,CAMILLE,5.0
2010,2,SARAH,6.0
2010,2,LOUISE,7.0
2010,2,LILOU,8.0
2010,2,LÉA,9.0
2010,2,CLARA,10.0
2011,1,LUCAS,1.0
2011,1,NATHAN,2.0
2011,1,ENZO,3.0
2011,1,GABRIEL,4.0
2011,1,LOUIS,5.0
2011,1,HUGO,6.0
2011,1,JULES,7.0
2011,1,ARTHUR,8.0
2011,1,ETHAN,9.0
2011,1,TOM,10.0
2011,2,EMMA,1.0
2011,2,MANON,2.0
2011,2,JADE,3.0
2011,2,LOLA,4.0
2011,2,CAMILLE,5.0
2011,2,LOUISE,6.0
2011,2,SARAH,7.0
2011,2,LILOU,8.0
2011,2,LINA,9.0
2011,2,CHLOÉ,10.0
2012,1,LUCAS,1.0
2012,1,NATHAN,2.0
2012,1,LOUIS,3.0
2012,1,GABRIEL,4.0
2012,1,ETHAN,5.0
2012,1,HUGO,6.0
2012,1,ENZO,7.0
2012,1,JULES,8.0
2012,1,LÉO,9.0
2012,1,ADAM,10.0
2012,2,EMMA,1.0
2012,2,LOUISE,2.0
2012,2,MANON,3.0
2012,2,JADE,4.0
2012,2,CHLOÉ,5.0
2012,2,LOLA,6.0
2012,2,LÉA,7.0
2012,2,CAMILLE,8.0
2012,2,LINA,9.0
2012,2,SARAH,10.0
2013,1,LUCAS,1.0
2013,1,HUGO,2.0
2013,1,LOUIS,3.0
2013,1,GABRIEL,4.0
2013,1,ETHAN,5.0
2013,1,NATHAN,6.0
2013,1,LÉO,7.0
2013,1,ADAM,8.0
2013,1,JULES,9.0
2013,1,NOLAN,10.0
2013,2,EMMA,1.0
2013,2,LOUISE,2.0
2013,2,CHLOÉ,3.0
2013,2,JADE,4.0
2013,2,MANON,5.0
2013,2,LÉA,6.0
2013,2,LOLA,7.0
2013,2,CAMILLE,8.0
2013,2,INÈS,9.0
2013,2,LINA,10.0
2014,1,LUCAS,1.0
2014,1,GABRIEL,2.0
2014,1,LOUIS,3.0
2014,1,HUGO,4.0
2014,1,JULES,5.0
2014,1,ADAM,6.0
2014,1,ETHAN,7.0
2014,1,LÉO,8.0
2014,1,NATHAN,9.0
2014,1,NOLAN,10.0
2014,2,JADE,1.0
2014,2,LOUISE,2.0
2014,2,EMMA,3.0
2014,2,CHLOÉ,4.0
2014,2,MANON,5.0
2014,2,LÉA,6.0
2014,2,LOLA,7.0
2014,2,LINA,8.0
2014,2,ALICE,9.0
2014,2,CAMILLE,10.0
2015,1,GABRIEL,1.0
2015,1,JULES,2.0
2015,1,LUCAS,3.0
2015,1,LOUIS,4.0
2015,1,ADAM,5.0
2015,1,HUGO,6.0
2015,1,LÉO,7.0
2015,1,RAPHAËL,8.0
2015,1,ETHAN,9.0
2015,1,NATHAN,10.0
2015,2,LOUISE,1.0
2015,2,EMMA,2.0
2015,2,JADE,3.0
2015,2,CHLOÉ,4.0
2015,2,MANON,5.0
2015,2,ALICE,6.0
2015,2,LINA,7.0
2015,2,LÉA,8.0
2015,2,LOLA,9.0
2015,2,CAMILLE,10.0
2016,1,GABRIEL,1.0
2016,1,JULES,2.0
2016,1,ADAM,3.0
2016,1,LUCAS,4.0
2016,1,LOUIS,5.0
2016,1,RAPHAËL,6.0
2016,1,HUGO,7.0
2016,1,LÉO,8.0
2016,1,ETHAN,9.0
2016,1,LIAM,10.0
2016,2,EMMA,1.0
2016,2,LOUISE,2.0
2016,2,JADE,3.0
2016,2,ALICE,4.0
2016,2,CHLOÉ,5.0
2016,2,MILA,6.0
2016,2,LÉA,7.0
2016,2,LINA,8.0
2016,2,MANON,9.0
2016,2,LOLA,10.0
2017,1,GABRIEL,1.0
2017,1,LOUIS,2.0
2017,1,RAPHAËL,3.0
2017,1,JULES,4.0
2017,1,ADAM,5.0
2017,1,LUCAS,6.0
2017,1,LÉO,7.0
2017,1,HUGO,8.0
2017,1,ARTHUR,9.0
2017,1,NATHAN,10.0
2017,2,EMMA,1.0
2017,2,LOUISE,2.0
2017,2,JADE,3.0
2017,2,ALICE,4.0
2017,2,CHLOÉ,5.0
2017,2,LINA,6.0
2017,2,MILA,7.0
2017,2,LÉA,8.0
2017,2,MANON,9.0
2017,2,ROSE,10.0
2018,1,GABRIEL,1.0
2018,1,RAPHAËL,2.0
2018,1,LÉO,3.0
2018,1,LOUIS,4.0
2018,1,LUCAS,5.0
2018,1,ADAM,6.0
2018,1,ARTHUR,7.0
2018,1,JULES,8.0
2018,1,HUGO,9.0
2018,1,MAËL,10.0
2018,2,EMMA,1.0
2018,2,JADE,2.0
2018,2,LOUISE,3.0
2018,2,ALICE,4.0
2018,2,CHLOÉ,5.0
2018,2,LINA,6.0
2018,2,LÉA,7.0
2018,2,ROSE,8.0
2018,2,ANNA,9.0
2018,2,MILA,10.0
2019,1,GABRIEL,1.0
2019,1,LÉO,2.0
2019,1,RAPHAËL,3.0
2019,1,ARTHUR,4.0
2019,1,LOUIS,5.0
2019,1,LUCAS,6.0
2019,1,ADAM,7.0
2019,1,JULES,8.0
2019,1,HUGO,9.0
2019,1,MAËL,10.0
2019,2,EMMA,1.0
2019,2,JADE,2.0
2019,2,LOUISE,3.0
2019,2,ALICE,4.0
2019,2,LINA,5.0
2019,2,CHLOÉ,6.0
2019,2,ROSE,7.0
2019,2,LÉA,8.0
2019,2,MILA,9.0
2019,2,AMBRE,10.0
2020,1,LÉO,1.0
2020,1,GABRIEL,2.0
2020,1,RAPHAËL,3.0
2020,1,ARTHUR,4.0
2020,1,LOUIS,5.0
2020,1,JULES,6.0
2020,1,ADAM,7.0
2020,1,MAËL,8.0
2020,1,LUCAS,9.0
2020,1,HUGO,10.0
2020,2,JADE,1.0
2020,2,LOUISE,2.0
2020,2,EMMA,3.0
2020,2,ALICE,4.0
2020,2,AMBRE,5.0
2020,2,LINA,6.0
2020,2,ROSE,7.0
2020,2,CHLOÉ,8.0
2020,2,MIA,9.0
2020,2,LÉA,10.0
